Timestamp,ContainerName,CPU_Percent,Memory_Usage_MB
2025-07-29T02:16:01Z,peer0.org1.example.com,3.24,347.9
2025-07-29T02:16:04Z,peer0.org1.example.com,3.49,347.9
2025-07-29T02:16:08Z,peer0.org1.example.com,3.69,348.2
2025-07-29T02:16:11Z,peer0.org1.example.com,97.21,516.4
2025-07-29T02:16:14Z,peer0.org1.example.com,3.72,567.8
2025-07-29T02:16:17Z,peer0.org1.example.com,3.06,567.8
2025-07-29T02:16:20Z,peer0.org1.example.com,3.32,567.8
2025-07-29T02:16:23Z,peer0.org1.example.com,163.85,583.3
2025-07-29T02:16:26Z,peer0.org1.example.com,3.32,476.3
2025-07-29T02:16:29Z,peer0.org1.example.com,2.97,476.6
2025-07-29T02:16:32Z,peer0.org1.example.com,3.31,476.3
